user_id;name_id;email;phone_no;address_id
1;102;Fernando.Watsica421@bitsbooks.com;5856151390;1
2;103;Warren.Kohler186@bitsbooks.com;2035071089;2
3;104;Reynaldo.Rempel512@bitsbooks.com;4435400252;3
4;105;Dennis.Kuhn993@bitsbooks.com;9414257195;4
5;106;Mandi.Corkery515@bitsbooks.com;2816012465;5
6;107;Basil.Rohan237@bitsbooks.com;2188011850;6
7;108;Lexie.Ritchie74@bitsbooks.com;2285166637;7
8;109;Lupe.Koss92@bitsbooks.com;3159540848;8
9;110;Merrill.Rohan482@bitsbooks.com;5867066682;9
10;111;Regina.Walter513@bitsbooks.com;7652813038;10
11;112;Colene.Towne24@bitsbooks.com;4012149581;11
12;113;Kirk.Abernathy328@bitsbooks.com;9175044245;12
13;114;Emerson.Homenick784@bitsbooks.com;8609152301;13
14;115;Irish.Stehr96@bitsbooks.com;5053152667;14
15;116;Chet.Rutherford267@bitsbooks.com;8703028773;15
16;117;Norman.Little409@bitsbooks.com;3214135072;16
17;118;Cyrstal.Reilly9@bitsbooks.com;6038107765;17
18;119;Carole.Feest581@bitsbooks.com;6064059892;18
19;120;Isreal.Dietrich927@bitsbooks.com;6014157077;19
20;121;Holli.Raynor111@bitsbooks.com;6149595897;20
21;122;Treasa.Reynolds756@hotmail.com;9715016764;21
22;123;Beula.Jerde431@yahoo.com;2315081813;22
23;124;Alfonzo.Heller328@yahoo.com;5159525795;23
24;125;Marisa.Ankunding47@hotmail.com;3012101638;24
25;126;Marcy.Heathcote930@yahoo.com;4079565838;25
26;127;Art.Bednar374@yahoo.com;7344067307;26
27;128;Darren.Kub824@hotmail.com;6169490792;27
28;129;Landon.Goyette625@yahoo.com;8038064828;28
29;130;Carleen.Koch649@hotmail.com;6628634170;29
30;131;Mayola.Ankunding322@gmail.com;7083346555;30
31;132;Dino.Mueller59@yahoo.com;6786012978;31
32;133;Dana.Hegmann673@gmail.com;2539737971;32
33;134;Berry.Upton115@gmail.com;4348477839;33
34;135;Clint.Durgan536@yahoo.com;3204247622;34
35;136;Xochitl.Kuphal765@yahoo.com;8705858815;35
36;137;Danuta.Keebler761@yahoo.com;6365139845;36
37;138;Oscar.Beahan400@hotmail.com;5103145712;37
38;139;Emmett.Bashirian428@gmail.com;3182074835;38
39;140;Dominica.Trantow885@yahoo.com;3604357467;39
40;141;Jake.Donnelly298@yahoo.com;9014254415;40
41;142;Hoyt.Raynor865@hotmail.com;2122810629;41
42;143;Raymonde.Sanford644@gmail.com;8485162095;42
43;144;Barrett.Larson489@gmail.com;8148162408;43
44;145;Phil.Kerluke0@yahoo.com;8577179858;44
45;146;Jefferson.Fadel85@yahoo.com;8053349156;45
46;147;Jc.Schuppe107@yahoo.com;6625305043;46
47;148;Carson.Tromp875@gmail.com;7749893433;47
48;149;Nevada.Harvey522@gmail.com;9042017051;48
49;150;Daren.Schmitt763@hotmail.com;7657749670;49
50;151;Clarence.Vandervort908@gmail.com;9036038198;50
51;152;Sherril.O'Keefe917@gmail.com;9479797827;51
52;153;Hwa.McGlynn930@gmail.com;8606260895;52
53;154;Liza.Bogan416@hotmail.com;2408038001;53
54;155;Romona.Heller973@gmail.com;8103028027;54
55;156;Daren.Bernier417@yahoo.com;3172676256;55
56;157;Hilma.Simonis613@yahoo.com;9172766101;56
57;158;Micah.Block730@yahoo.com;9134068934;57
58;159;Elvera.McCullough408@gmail.com;3167869821;58
59;160;America.Huels589@hotmail.com;6068281087;59
60;161;Felicita.Upton913@hotmail.com;9147603233;60
61;162;Rosalinda.MacGyver143@yahoo.com;7177173704;61
62;163;Jess.Little343@gmail.com;6615032168;62
63;164;Shoshana.Aufderhar935@yahoo.com;5413030804;63
64;165;Murray.Orn804@hotmail.com;8593056932;64
65;166;Marlin.Powlowski160@gmail.com;2159034901;65
66;167;Noble.Crooks344@yahoo.com;5804432901;66
67;168;Loren.Lueilwitz154@hotmail.com;4147160513;67
68;169;Jean.Lang381@gmail.com;5853238911;68
69;170;Pierre.Raynor658@gmail.com;6517548015;69
70;171;Nestor.Padberg814@yahoo.com;5022139703;70
71;172;Kacy.Murazik26@yahoo.com;8629093400;71
72;173;Micaela.Wisozk103@hotmail.com;7733230620;72
73;174;Takako.Walsh817@gmail.com;5018609953;73
74;175;Gil.Hirthe165@yahoo.com;3236018223;74
75;176;Neal.Hamill755@gmail.com;2158102970;75
76;177;Gail.Turcotte943@gmail.com;3165745108;76
77;178;Jodie.Olson863@yahoo.com;4249379569;77
78;179;Lavonne.Bins857@yahoo.com;8507579003;78
79;180;Daniel.Nader907@gmail.com;7137701848;79
80;181;Jacelyn.Klocko27@hotmail.com;5717182782;80
81;182;Rene.Muller623@gmail.com;9035161690;81
82;183;Margert.Bogan130@hotmail.com;9182524086;82
83;184;Gay.Erdman105@hotmail.com;2087401838;83
84;185;Gricelda.Beier129@yahoo.com;7344352092;84
85;186;Brittani.Hessel945@gmail.com;3398323484;85
86;187;Lisha.Toy60@yahoo.com;5079073519;86
87;188;Joel.Zboncak407@gmail.com;6828328708;87
88;189;Jose.Lemke284@gmail.com;9189311452;88
89;190;Trevor.Kuhn890@gmail.com;2286365573;89
90;191;Hulda.Howe686@gmail.com;7345055479;90
91;192;Randal.Bins913@hotmail.com;8439088567;91
92;193;Paris.Maggio372@yahoo.com;8574091189;92
93;194;Jerald.Nolan956@hotmail.com;4026125760;93
94;195;Renaldo.Harber194@gmail.com;6519732141;94
95;196;Genevie.Schimmel90@gmail.com;7637755828;95
96;197;Ester.Bartell625@hotmail.com;3135164463;96
97;198;Jason.Turcotte143@gmail.com;6366369627;97
98;199;Collene.McCullough463@yahoo.com;5185086868;98
99;200;Ossie.Lakin623@yahoo.com;8178166609;99
100;201;Efren.Shanahan535@yahoo.com;3056085181;100
101;202;Curt.Ferry961@yahoo.com;2526303520;101
102;203;Malinda.Sporer148@hotmail.com;9723615475;102
103;204;Alexander.Goldner816@gmail.com;3028188907;103
104;205;Theodore.Lang78@yahoo.com;2674046512;104
105;206;Carolin.Hauck869@hotmail.com;2017209732;105
106;207;Genevieve.Reinger419@hotmail.com;8456125742;106
107;208;Jerome.Stanton825@hotmail.com;8316624865;107
108;209;Greg.Prohaska358@yahoo.com;5512185896;108
109;210;Denver.Kuphal450@gmail.com;9284137345;109
110;211;Otto.Ziemann791@gmail.com;5517753967;110
111;212;Charity.Keebler557@yahoo.com;5679783417;111
112;213;Jeanetta.Stanton338@yahoo.com;5637317870;112
113;214;Irving.Hammes614@yahoo.com;8626078664;113
114;215;Delphia.Gleason43@gmail.com;9038124248;114
115;216;Raven.Flatley736@gmail.com;6196460235;115
116;217;Patrice.Cremin693@gmail.com;6094457607;116
117;218;Jarrett.Sporer55@yahoo.com;2763173809;117
118;219;Katy.Green149@gmail.com;6077865801;118
119;220;Lenny.Smith897@yahoo.com;7086417664;119
120;221;Elida.Kuhlman212@gmail.com;2189099831;120
121;222;Geri.O'Conner466@yahoo.com;2546230028;121
122;223;Titus.Pagac711@yahoo.com;8089133970;122
123;224;Soo.Cummings921@gmail.com;9252813209;123
124;225;Chance.Mayert216@gmail.com;8437046529;124
125;226;Charlsie.Wunsch925@hotmail.com;7027020399;125
126;227;Ralph.Crooks132@yahoo.com;9725305022;126
127;228;Reginia.Walter380@yahoo.com;3012147775;127
128;229;Dulce.Flatley875@gmail.com;7198727554;128
129;230;Nisha.McLaughlin318@yahoo.com;9148179282;129
130;231;Cierra.Bins482@gmail.com;9095404645;130
131;232;Kyra.Leuschke131@yahoo.com;9178456095;131
132;233;Chae.Champlin967@yahoo.com;9048649622;132
133;234;Torrie.Treutel529@yahoo.com;6177723991;133
134;235;Sylvester.Homenick133@yahoo.com;2692548648;134
135;236;Clement.Rau194@gmail.com;2182393035;135
136;237;Inge.Murazik322@hotmail.com;7177182740;136
137;238;Morris.Cassin273@hotmail.com;7312765519;137
138;239;Aurea.Bernier551@yahoo.com;8602835757;138
139;240;Napoleon.Wilderman405@gmail.com;8323156568;139
140;241;Dylan.Barton512@gmail.com;3204092016;140
141;242;Sondra.Bradtke885@yahoo.com;9062298916;141
142;243;Jerald.Kulas912@hotmail.com;8185124172;142
143;244;Jacquelynn.Tromp841@hotmail.com;9472090510;143
144;245;Ralph.White704@gmail.com;9188284170;144
145;246;Noreen.O'Kon210@yahoo.com;3082629321;145
146;247;Robin.Schmidt279@gmail.com;5518723517;146
147;248;Reiko.Mayer685@yahoo.com;9194354663;147
148;249;Harry.Halvorson114@yahoo.com;4439546335;148
149;250;Jerry.Halvorson720@gmail.com;9285043082;149
150;251;Spencer.Okuneva914@hotmail.com;2769125410;150
151;252;Marco.Beatty559@gmail.com;7025134363;151
152;253;Berneice.Huels892@gmail.com;4046268817;152
153;254;Meri.Witting222@hotmail.com;6232272667;153
154;255;Betsy.Shields574@gmail.com;2528320678;154
155;256;Valentine.Howell648@yahoo.com;3372186455;155
156;257;Inell.Wilderman492@gmail.com;2814354214;156
157;258;Monique.Keeling117@hotmail.com;3139789864;157
158;259;Krysta.Berge449@yahoo.com;8648083670;158
159;260;Mora.Kassulke177@gmail.com;9859890103;159
160;261;Aileen.Hyatt966@gmail.com;4143522152;160
161;262;Eugenio.Toy147@yahoo.com;7543139588;161
162;263;Warren.Jones601@gmail.com;3178644695;162
163;264;Elfrieda.Hudson67@gmail.com;3518138268;163
164;265;James.Weissnat863@gmail.com;8156786952;164
165;266;Tommie.Zulauf486@gmail.com;2817725626;165
166;267;Hallie.Mayer458@hotmail.com;8035576786;166
167;268;Louvenia.Stoltenberg0@hotmail.com;6263192480;167
168;269;Joya.Treutel172@yahoo.com;7636677866;168
169;270;Kira.Wilkinson626@hotmail.com;3107542650;169
170;271;Ozella.Becker404@hotmail.com;5705053686;170
