1;102;Fabiola.Toy181@bitsbooks.com;6615617716;1
2;103;Tammera.Weissnat224@bitsbooks.com;2148586308;2
3;104;Earnest.Streich625@bitsbooks.com;2489598364;3
4;105;Lacresha.Wisozk917@bitsbooks.com;8169184383;4
5;106;Kyle.Deckow387@bitsbooks.com;2039719722;5
6;107;Rodrigo.Bechtelar328@bitsbooks.com;7146086553;6
7;108;Irving.Huels342@bitsbooks.com;4099075453;7
8;109;Buck.Schimmel779@bitsbooks.com;7757859076;8
9;110;Concepcion.Stark65@bitsbooks.com;9362164883;9
10;111;Dominque.Jacobi248@bitsbooks.com;7638050913;10
11;112;Liana.Kutch215@bitsbooks.com;6238035172;11
12;113;Willena.Dach723@bitsbooks.com;7203040955;12
13;114;Tommie.Koepp233@bitsbooks.com;4063055521;13
14;115;Yvette.White560@bitsbooks.com;3239490604;14
15;116;Stevie.Robel817@bitsbooks.com;3147759946;15
16;117;Flo.Beer191@bitsbooks.com;5139793933;16
17;118;Jerrod.Olson956@bitsbooks.com;5594017447;17
18;119;Del.Gulgowski193@bitsbooks.com;7152108218;18
19;120;Mariel.Prohaska561@bitsbooks.com;6318015122;19
20;121;Jeannette.Rau911@bitsbooks.com;2179521006;20
21;122;Shon.Herman551@gmail.com;2095092550;21
22;123;Josiah.Carroll559@gmail.com;8597651018;22
23;124;Monty.Tillman93@hotmail.com;7819755288;23
24;125;Fredericka.Heller991@hotmail.com;2194019109;24
25;126;Birdie.Harber844@hotmail.com;7125637765;25
26;127;Joel.Runolfsdottir892@yahoo.com;3127575700;26
27;128;Thaddeus.Durgan578@hotmail.com;4133024907;27
28;129;Thomasina.Hansen456@hotmail.com;7193106142;28
29;130;Kizzie.Moore825@hotmail.com;3602671156;29
30;131;Cleo.Crist514@gmail.com;7015630130;30
31;132;Colby.Brakus765@gmail.com;9044246280;31
32;133;Zoe.Nicolas528@hotmail.com;6029015989;32
33;134;Dixie.Rempel220@hotmail.com;8592089382;33
34;135;Michaele.Mitchell478@hotmail.com;2128016892;34
35;136;Domenic.Botsford859@gmail.com;4159416587;35
36;137;Carl.Runolfsson45@yahoo.com;9139361159;36
37;138;Elbert.Mante198@hotmail.com;8138609388;37
38;139;Thanh.Gleason494@yahoo.com;6102273165;38
39;140;Lionel.Turcotte526@gmail.com;6039703998;39
40;141;Bernie.Grady668@hotmail.com;6502140395;40
41;142;Shyla.D'Amore371@hotmail.com;8589124287;41
42;143;Kasey.Nicolas559@gmail.com;8069137018;42
43;144;Kelly.Botsford266@yahoo.com;2487078320;43
44;145;Lyndsey.Bednar921@gmail.com;5636234578;44
45;146;Leland.Morar485@hotmail.com;6365186319;45
46;147;Ressie.Wisozk919@gmail.com;8787865533;46
47;148;Ryan.Hand55@hotmail.com;6187738803;47
48;149;Rema.Hirthe149@hotmail.com;6265864681;48
49;150;Fredric.Doyle656@gmail.com;6604076485;49
50;151;Stacy.Weimann588@yahoo.com;2059841493;50
51;152;Aretha.Hilpert546@gmail.com;9076091801;51
52;153;Belen.Hayes762@hotmail.com;5072838675;52
53;154;Lawerence.Rogahn677@hotmail.com;8182760172;53
54;155;Grover.Greenfelder133@yahoo.com;7315648584;54
55;156;Oda.Parker956@gmail.com;8283106809;55
56;157;Sandy.Boyle316@yahoo.com;7868103986;56
57;158;Russel.Wolf226@hotmail.com;9182012956;57
58;159;Cyrus.Conroy495@hotmail.com;5854128387;58
59;160;Candie.Pfeffer891@yahoo.com;5162154759;59
60;161;Yoshie.Nitzsche520@yahoo.com;4699284445;60
61;162;Kris.Hudson264@gmail.com;7079525693;61
62;163;Winifred.Streich516@yahoo.com;6123038555;62
63;164;Alfred.Cartwright632@gmail.com;2065710763;63
64;165;Rosetta.Powlowski39@gmail.com;6602521643;64
65;166;Laurence.Kulas557@gmail.com;3369072027;65
66;167;Antonietta.Wolff221@yahoo.com;2627179840;66
67;168;Albertha.Adams884@yahoo.com;4342547042;67
68;169;Sharika.Nicolas589@yahoo.com;8288787570;68
69;170;Elizabet.Osinski718@gmail.com;4199475289;69
70;171;Mitchel.Kunde373@gmail.com;9318606107;70
71;172;Harris.Olson704@hotmail.com;9035808795;71
72;173;Sid.Smitham248@yahoo.com;7187311907;72
73;174;Chasity.Graham794@hotmail.com;5082767053;73
74;175;Normand.McClure216@gmail.com;5022344672;74
75;176;Judie.Howell104@hotmail.com;8606671641;75
76;177;Riley.Towne954@gmail.com;9285139966;76
77;178;Leticia.Ryan771@gmail.com;8286060355;77
78;179;Carter.Mills629@hotmail.com;4023144445;78
79;180;Jacinto.Conroy85@yahoo.com;4809561477;79
80;181;Delmar.Hickle795@yahoo.com;4079185262;80
81;182;Eugenie.Mayer816@gmail.com;9048594717;81
82;183;Ernestina.Waelchi686@hotmail.com;9077079078;82
83;184;Santo.Walter99@gmail.com;7659181093;83
84;185;Hilton.Kulas373@gmail.com;9108486905;84
85;186;Rodrigo.Mayert520@yahoo.com;4075615879;85
86;187;Devorah.Kuhn466@yahoo.com;7346363058;86
87;188;Albertina.Grady656@hotmail.com;9202037025;87
88;189;Sherman.Walsh522@yahoo.com;9713476236;88
89;190;Jolanda.Cole730@gmail.com;5519417522;89
90;191;Roxanne.Gulgowski287@yahoo.com;2346508404;90
91;192;Cora.Brakus407@yahoo.com;7203056263;91
92;193;Teddy.Konopelski89@yahoo.com;2067195297;92
93;194;Moshe.Satterfield624@yahoo.com;4439893983;93
94;195;Tynisha.Predovic486@yahoo.com;8169752684;94
95;196;Jack.Krajcik660@yahoo.com;2254848928;95
96;197;Mittie.Cremin296@yahoo.com;6618139853;96
97;198;Rena.Gerlach146@gmail.com;9899172583;97
98;199;Brittny.Carroll612@gmail.com;4358034170;98
99;200;Evelia.Bins647@gmail.com;2312627039;99
100;201;Sebastian.McLaughlin715@yahoo.com;3146156838;100
101;202;Blanch.Von869@yahoo.com;9708109195;101
102;203;Maira.Williamson150@yahoo.com;3174087241;102
103;204;Myron.Tillman613@yahoo.com;9176052222;103
104;205;Henriette.Pfeffer682@yahoo.com;8708590124;104
105;206;Ariel.Ankunding544@hotmail.com;9402489146;105
106;207;Dorsey.Tremblay302@yahoo.com;2083201905;106
107;208;Thanh.Bruen43@hotmail.com;3146025559;107
108;209;Nicolette.Langosh82@gmail.com;3089178654;108
109;210;Florentino.Willms42@gmail.com;8169798362;109
110;211;Johnnie.Bergnaum717@hotmail.com;2142276734;110
111;212;Jared.Kiehn614@hotmail.com;8588627804;111
112;213;Marita.Stracke914@gmail.com;2069072183;112
113;214;Margorie.Gusikowski467@yahoo.com;2295804968;113
114;215;Tova.Ortiz912@yahoo.com;6058158443;114
115;216;Collen.Zulauf321@yahoo.com;8152089301;115
116;217;Nathaniel.Beer181@yahoo.com;9725716640;116
117;218;Enda.Hahn277@hotmail.com;9078144112;117
118;219;Sondra.Jenkins971@yahoo.com;3366199804;118
119;220;Leilani.Wyman997@yahoo.com;7149498987;119
120;221;Wilton.Gleichner981@hotmail.com;3619011443;120
121;222;Wilson.Lakin823@hotmail.com;2624755694;121
122;223;Dolores.Boyle148@gmail.com;4344091826;122
123;224;Ellsworth.Hauck703@gmail.com;7048452902;123
124;225;Caren.Glover834@gmail.com;2546164170;124
125;226;Sunshine.Smith707@hotmail.com;6024024557;125
126;227;Alberto.Shanahan480@gmail.com;6122702933;126
127;228;Arline.Wintheiser44@yahoo.com;2104641553;127
128;229;Sherlyn.Runolfsson34@gmail.com;6033182296;128
129;230;Ghislaine.Farrell846@yahoo.com;4244016650;129
130;231;Eugenio.Hermiston818@gmail.com;3529048111;130
131;232;Waldo.Lesch216@yahoo.com;5078020466;131
132;233;Mandy.Jakubowski660@hotmail.com;5059049045;132
133;234;Elna.Parker933@yahoo.com;4245410528;133
134;235;Billy.Hahn533@hotmail.com;7409014148;134
135;236;Trent.Schultz166@yahoo.com;2248574153;135
136;237;Kelly.Kunde995@gmail.com;6232766842;136
137;238;Mathew.Rau733@hotmail.com;5015169274;137
138;239;Kenny.Wolf950@yahoo.com;8167073003;138
139;240;Conception.Auer366@hotmail.com;9125734578;139
140;241;Santos.Schulist900@gmail.com;4237045451;140
141;242;Bobby.Nicolas173@yahoo.com;7328722794;141
142;243;Diann.Bruen657@hotmail.com;3155021151;142
143;244;Andre.Daniel441@hotmail.com;8309209717;143
144;245;Fernando.Yost42@gmail.com;2099542780;144
145;246;Pete.Bergnaum829@gmail.com;3052394445;145
146;247;Joellen.Walter68@hotmail.com;4074801768;146
147;248;Carmelita.Hane437@hotmail.com;9126233926;147
148;249;Genaro.Bradtke704@hotmail.com;2485408281;148
149;250;Doretta.Batz595@gmail.com;3473206484;149
150;251;Glen.Metz399@yahoo.com;8059158081;150
151;252;Percy.Kunze121@hotmail.com;2297153398;151
152;253;Rudy.Flatley114@hotmail.com;2608505025;152
153;254;Rashad.Rohan189@gmail.com;4248171175;153
154;255;Reed.Kemmer524@gmail.com;5406013333;154
155;256;Cristobal.Howell961@gmail.com;7049802914;155
156;257;Charmain.Pouros285@hotmail.com;9739844820;156
157;258;Darrell.Yost457@yahoo.com;8026670250;157
158;259;Lourdes.Carter917@hotmail.com;3035612855;158
159;260;Jovan.Dare324@hotmail.com;3305594178;159
160;261;Albertine.Wolf897@gmail.com;8188782301;160
161;262;Michel.Gleichner47@hotmail.com;6155418692;161
162;263;Magnolia.McLaughlin204@gmail.com;3603204493;162
163;264;Otelia.Effertz211@yahoo.com;2087652877;163
164;265;Johnathan.Zemlak122@hotmail.com;3022029984;164
165;266;Everette.Gislason875@yahoo.com;9408034417;165
166;267;Erinn.Johnston757@hotmail.com;2603103774;166
167;268;Sherita.Schmeler688@gmail.com;9375158066;167
168;269;Neda.Heaney821@gmail.com;8175029222;168
169;270;Eliseo.Feeney570@hotmail.com;6124348131;169
170;271;Steven.Denesik190@hotmail.com;7164040678;170
